flight_id,airline,from_city,from_country,to_city,to_country,dep_date,duration_min,price_eur,note
FL-5172,Lumen Air,Budapest,Hungary,Madrid,Spain,25.06.2026,173,159.99,delay=40;by=PassengerReport
FL-2572,TransCarpa,Vienna,Austria,Madrid,Spain,2026-09-24,138,224.50,
FL-5962,Blue Meridian,Vilnius,Lithuania,Budapest,Hungary,08.09.2026,285,151.50,delay=55;by=FlightLog
FL-5677,Orbit Airways,Berlin,Germany,Lisbon,Portugal,2026-04-12,123,89.50,delay=55;by=AirWatch
FL-8340,Lumen Air,Rome,Italy,Tallinn,Estonia,2026-04-13,203,101.99,
FL-6380,Zephyr Lines,Riga,Latvia,Oslo,Norway,24.04.2026,76,215.00,
FL-3855,AeroVista,Berlin,Germany,Lisbon,Portugal,12.09.2026,137,179.99,delay=25;by=AirWatch
FL-4674,AeroVista,Milan,Italy,Paris,France,2026-03-02,108,208.00,
FL-8439,Zephyr Lines,Lisbon,Portugal,Krakow,Poland,2026-06-28,178,154.50,
FL-7784,Blue Meridian,Madrid,Spain,Paris,France,09.08.2026,239,70.50,
FL-6917,Lumen Air,Kyiv,Ukraine,Milan,Italy,2026-09-05,239,112.99,delay=15;by=PassengerReport
 fl-7298 ,Orbit Airways ,TALLINN,Estonia,Budapest,Hungary,05.07.2026,318,64.50,delay=15;by=FlightLog
FL-3716,Blue Meridian,Vilnius,Lithuania,Madrid,Spain,2026-03-14,97,152.99,delay=25;by=AirWatch
FL-7298,Orbit Airways,Tallinn,Estonia,Budapest,Hungary,05.07.2026,318,64.50,delay=15;by=FlightLog
FL-6969,SkyNord,Warsaw,Poland,Lviv,Ukraine,2026-04-14,159,247.99,delay=40;by=AirWatch
FL-8906,AeroVista,Tallinn,Estonia,Lviv,Ukraine,2026-04-15,133,207.00,delay=40;by=FlightLog
FL-9190,Orbit Airways,Odesa,Ukraine,Berlin,Germany,2026-06-22,195,147.99,
FL-6940,Blue Meridian,Krakow,Poland,Madrid,Spain,2026-09-28,119,197.50,delay=10;by=AirWatch
FL-8235,Falcon Jet,Prague,Czechia,Budapest,Hungary,2026-08-09,275,162.99,
FL-2906,AeroVista,Vienna,Austria,Milan,Italy,28.09.2026,279,62.00,
 fl-6380 ,Zephyr Lines ,RIGA,Latvia,Oslo,Norway,24.04.2026,76,215.00,
