region,regionLabel,cnt
http://www.wikidata.org/entity/Q42880,Tyrol,539
http://www.wikidata.org/entity/Q41358,Styria,198
http://www.wikidata.org/entity/Q261697,Matrei in Osttirol,117
http://www.wikidata.org/entity/Q697575,Kals am Großglockner,103
http://www.wikidata.org/entity/Q700997,Gaschurn,99
http://www.wikidata.org/entity/Q570486,Sölden,94
http://www.wikidata.org/entity/Q254221,Schladming,93
http://www.wikidata.org/entity/Q686812,Prägraten am Großvenediger,88
http://www.wikidata.org/entity/Q875812,Heiligenblut,87
http://www.wikidata.org/entity/Q262475,Sankt Jakob in Defereggen,69
